<?xml version="1.0" encoding="UTF-8"?>
<DEFECTS>
  <DEFECT>
    <SFA>
      <FILEPATH>H:\07 Lincoln\5 teaching\1920 CMP9133M Advanced Programming\Pool Game v1.0 sy\</FILEPATH>
      <FILENAME>vecmath.h</FILENAME>
      <LINE>18</LINE>
      <COLUMN>4</COLUMN>
    </SFA>
    <DEFECTCODE>26495</DEFECTCODE>
    <DESCRIPTION>Variable 'vec2::elem' is uninitialized. Always initialize a member variable (type.6).</DESCRIPTION>
    <FUNCTION>vec2::{ctor}</FUNCTION>
    <DECORATED>??0vec2@@QAE@XZ</DECORATED>
    <FUNCLINE>18</FUNCLINE>
    <ADDITIONALINFO>
      <targetSymbol>vec2::elem</targetSymbol>
    </ADDITIONALINFO>
    <PATH></PATH>
  </DEFECT>
  <DEFECT>
    <SFA>
      <FILEPATH>H:\07 Lincoln\5 teaching\1920 CMP9133M Advanced Programming\Pool Game v1.0 sy\</FILEPATH>
      <FILENAME>vecmath.h</FILENAME>
      <LINE>53</LINE>
      <COLUMN>4</COLUMN>
    </SFA>
    <DEFECTCODE>26495</DEFECTCODE>
    <DESCRIPTION>Variable 'vec3::elem' is uninitialized. Always initialize a member variable (type.6).</DESCRIPTION>
    <FUNCTION>vec3::{ctor}</FUNCTION>
    <DECORATED>??0vec3@@QAE@XZ</DECORATED>
    <FUNCLINE>53</FUNCLINE>
    <ADDITIONALINFO>
      <targetSymbol>vec3::elem</targetSymbol>
    </ADDITIONALINFO>
    <PATH></PATH>
  </DEFECT>
  <DEFECT>
    <SFA>
      <FILEPATH>H:\07 Lincoln\5 teaching\1920 CMP9133M Advanced Programming\Pool Game v1.0 sy\</FILEPATH>
      <FILENAME>simulation.cpp</FILENAME>
      <LINE>56</LINE>
      <COLUMN>36</COLUMN>
    </SFA>
    <DEFECTCODE>26451</DEFECTCODE>
    <DESCRIPTION>Arithmetic overflow: Using operator '-' on a 4 byte value and then casting the result to a 8 byte value. Cast the value to the wider type before calling operator '-' to avoid overflow (io.2).</DESCRIPTION>
    <FUNCTION>ball::Reset</FUNCTION>
    <DECORATED>?Reset@ball@@QAEXXZ</DECORATED>
    <FUNCLINE>33</FUNCLINE>
    <PATH></PATH>
  </DEFECT>
  <DEFECT>
    <SFA>
      <FILEPATH>H:\07 Lincoln\5 teaching\1920 CMP9133M Advanced Programming\Pool Game v1.0 sy\</FILEPATH>
      <FILENAME>simulation.cpp</FILENAME>
      <LINE>72</LINE>
      <COLUMN>33</COLUMN>
    </SFA>
    <DEFECTCODE>26451</DEFECTCODE>
    <DESCRIPTION>Arithmetic overflow: Using operator '*' on a 4 byte value and then casting the result to a 8 byte value. Cast the value to the wider type before calling operator '*' to avoid overflow (io.2).</DESCRIPTION>
    <FUNCTION>ball::ApplyFrictionForce</FUNCTION>
    <DECORATED>?ApplyFrictionForce@ball@@QAEXH@Z</DECORATED>
    <FUNCLINE>64</FUNCLINE>
    <PATH></PATH>
  </DEFECT>
</DEFECTS>